{
    "authors": "Satoru Kimura <https://github.com/gyohk>, ZongJing Lu <https://github.com/sonic3d>",
    "libraryDependencies": [],
    "moduleDependencies": [],
    "libraryMajorVersion": 0,
    "libraryMinorVersion": 6,
    "typeScriptVersion": "2.0",
    "libraryName": "dat.GUI",
    "typingsPackageName": "dat-gui",
    "projectName": "https://github.com/dataarts/dat.gui",
    "sourceRepoURL": "https://www.github.com/DefinitelyTyped/DefinitelyTyped",
    "sourceBranch": "master",
    "globals": [
        "dat"
    ],
    "declaredModules": [
        "dat-gui"
    ],
    "files": [
        "index.d.ts"
    ],
    "hasPackageJson": false,
    "contentHash": "3a31f56a1035b088188dc4a54152975513602d90028a8dc2b4ea2caef12ab2d2"
}