{
    "authors": "Kon <http://phyzkit.net/>, Satoru Kimura <https://github.com/gyohk>, Florent Poujol <https://github.com/florentpoujol>, SereznoKot <https://github.com/SereznoKot>",
    "libraryDependencies": [
        "webvr-api"
    ],
    "moduleDependencies": [],
    "libraryMajorVersion": 0,
    "libraryMinorVersion": 0,
    "libraryName": "three.js r81",
    "typingsPackageName": "three",
    "projectName": "http://mrdoob.github.com/three.js/",
    "sourceRepoURL": "https://www.github.com/DefinitelyTyped/DefinitelyTyped",
    "sourceBranch": "master",
    "globals": [
        "Detector",
        "THREE"
    ],
    "declaredModules": [
        "three"
    ],
    "files": [
        "detector.d.ts",
        "index.d.ts",
        "three-FirstPersonControls.d.ts",
        "three-canvasrenderer.d.ts",
        "three-copyshader.d.ts",
        "three-css3drenderer.d.ts",
        "three-editorcontrols.d.ts",
        "three-effectcomposer.d.ts",
        "three-maskpass.d.ts",
        "three-orbitcontrols.d.ts",
        "three-orthographictrackballcontrols.d.ts",
        "three-projector.d.ts",
        "three-renderpass.d.ts",
        "three-shaderpass.d.ts",
        "three-trackballcontrols.d.ts",
        "three-transformcontrols.d.ts",
        "three-vrcontrols.d.ts",
        "three-vreffect.d.ts"
    ],
    "hasPackageJson": false,
    "contentHash": "fdd7ab8edbc241370376ffda3a968b9bb03549a8b6595e27888eb2d416f5e9e8"
}